title,url,thumbnail_url,channel,description,views
"Salaar Teaser | Prabhas, Prashanth Neel, Prithviraj, Shruthi Haasan, Hombale Films, Vijay Kiragandur",https://www.youtube.com/watch?v=bUR_FKt7Iso,https://i.ytimg.com/vi/bUR_FKt7Iso/hqdefault.jpg?sqp=-oaymwEcCNACELwBSFXyq4qpAw4IARUAAIhCGAFwAcABBg==&rs=AOn4CLDeTGmTm_bqV1vyJiAAKuV07qnYFw,Hombale Films,"THE MOST VIOLENT MEN... CALLED ONE MAN... THE MOST VIOLENT üî• Presenting our next feature #SalaarCeaseFire to the world From the Makers of ""KGF: Chapter 1 & 2,"" & the visionary director...","107M views
3 days ago"
My Dear Markandeya Lyrical Video Song | BRO Telugu Movie | Pawan Kalyan | Sai Dharam Tej | Thaman S,https://www.youtube.com/watch?v=yNnJ9de339k,https://i.ytimg.com/vi/yNnJ9de339k/hqdefault.jpg?sqp=-oaymwEcCNACELwBSFXyq4qpAw4IARUAAIhCGAFwAcABBg==&rs=AOn4CLAruQWD8FbZONMG7giwC9Sja57Bpg,Mango Music,"My Dear Markandeya Lyrical Video Song From BRO Telugu Movie Exclusively On Mango Music. #BROTheAvatar 2023 Latest Telugu Movie ft. Pawan Kalyan, Sai Dharam Tej, Priya Prakash Varrier, Ketika...","4.6M views
1 day ago"
"Baby Theatrical Trailer | Anand Deverakonda, Vaishnavi Chaitanya, Viraj Ashwin | Sai Rajesh | SKN",https://www.youtube.com/watch?v=_npN4uwDMLk,,Geetha Arts ,"Baby Theatrical Trailer | Anand Deverakonda, Vaishnavi Chaitanya, Viraj Ashwin | Sai Rajesh | SKN #BabyTheMovie is a new age love story starring Anand Deverakonda, Vaishnavi Chaitanya, Viraj...","4.4M views
1 day ago"
CHINTU‚Äôs BIRTHDAY VLOG ‚ù§Ô∏èüòç | FUN AND EMOTIONAL ü§£ü•π | NACH,https://www.youtube.com/watch?v=XJwKixzjHrs,,Nandu Ramisetty,"Hey Guys üòç Hope you enjoy the new vlog üòç The vlog was a lot of emotional, love & fun. Please do watch and enjoy. Please like, comment, share & subscribe see ya #nach #love #husband...","563K views
1 day ago"
Padamati Sandhya Ragam Promo - 8 Jul 2023 - Monday to Saturday at 8 PM - Zee Telugu,https://www.youtube.com/watch?v=3WLIu_6BD78,,Zee Telugu,Free Subscription click here: https://bit.ly/subscriberZeeTelugu Get notified about our Latest update by Clicking the Bell Icon üîî Paid Subscription ZEE5 click here: http://www.zee5.com/myaccoun...,"697K views
1 day ago"
‡∞á‡∞Ç‡∞ü‡∞ø ‡∞ì‡∞®‡∞∞‡±ç ‡∞§‡±ã ‡∞ó‡±ä‡∞°‡∞µ.. ‡∞á‡∞≤‡±ç‡∞≤‡±Å ‡∞ñ‡∞æ‡∞≥‡±Ä ‡∞ö‡±á‡∞∏‡∞æ‡∞Ç.. || Bangkok Pilla Telugu Vlogs,https://www.youtube.com/watch?v=YAObt4Maexc,,Bangkok Pilla,‡∞á‡∞Ç‡∞ü‡∞ø ‡∞ì‡∞®‡∞∞‡±ç ‡∞§‡±ã ‡∞ó‡±ä‡∞°‡∞µ.. ‡∞á‡∞≤‡±ç‡∞≤‡±Å ‡∞ñ‡∞æ‡∞≥‡±Ä ‡∞ö‡±á‡∞∏‡∞æ‡∞Ç.. || Bangkok Pilla Telugu Vlogs #BangkokPilla #TeluguVlogs #thailand ================================...,"1.8M views
1 day ago"
Tere Bin Last Ep 58 - [Eng Sub] Digitally Presented by Jhalak Beauty Cream - Yumna Zaidi - Wahaj Ali,https://www.youtube.com/watch?v=DQRz8reIU8c,,HAR PAL GEO,Tere Bin Last Episode 58 - [Eng Sub] - Yumna Zaidi - Wahaj Ali - Digitally Presented by Jhalak Beauty Cream - 6th July 2023 - HAR PAL GEO Wahaj Ali Dramas Links : https://www.youtube.com/playlist...,"34M views
2 days ago"
‡∞á‡∞¶‡±ç‡∞¶‡∞∞‡±Å ‡∞Æ‡±Å‡∞ó‡±ç‡∞ó‡±Å‡∞∞‡±Å ‡∞Ö‡∞Ø‡±ç‡∞Ø‡±á‡∞µ‡±á‡∞≥ || Avinash and Anuja || @MukkuAvinashOfficial,https://www.youtube.com/watch?v=lu9y3wdNGk8,,Mukku Avinash,#MukkuAvinash #MukkuAvinash #JabardasthAvinash #pregnant Powered By #TamadaMedia Hello everyone am Avinash most of the called me Mukku Avinash and am a comedian works in the Telugu film and...,"326K views
1 day ago"
JAILER - Kaavaalaa Lyric Video | Superstar Rajinikanth | Sun Pictures | Anirudh | Nelson | Tamannaah,https://www.youtube.com/watch?v=RVLNBVK8auM,,Sun TV,"Watch the official lyric video of the much anticipated, high-octane first single ""Kaavaalaa"" from the movie ""Jailer"". Starring Superstar Rajinikanth, Directed by Nelson & Music by Anirudh....","17M views
2 days ago"
I BOUGHT MY FIRST LUXURY CAR,https://www.youtube.com/watch?v=6h7mNG42FiI,,Techno Gamerz,"I BOUGHT MY FIRST LUXURY CAR | CAR FOR SALE GAMEPLAY #2 Subscribe to our Second YouTube Channel: https://www.youtube.com/c/UjjwalGamer Share, Support, Subscribe!!! Subscribe: http://bit.ly/techn...","3.7M views
8 hours ago"
